course,link,desc,skills,category,level
Product Manager,/course/product-manager-nanodegree--nd036,"Envision and execute the development of industry-defining products, and learn how to successfully bring them to market.","['New', 'Product Strategy, ', 'Product Design, ', 'Product Development, ', 'Design Sprint, ', 'Product Launch', 'Program Details', 'beginner']",School of Business,beginner
AI for Business Leaders,/course/ai-for-business-leaders--nd054,"Master the foundations of artificial intelligence so you can strategically implement machine learning technology in your organization, and leverage it for corporate growth.","['New', 'Artificial Intelligence, ', 'Machine Learning, ', 'Business Strategy, ', 'Data Labeling, ', 'Data Modeling', 'Program Details', 'intermediate']",School of Business,intermediate
Intro to Machine Learning with TensorFlow,/course/intro-to-machine-learning-with-tensorflow-nanodegree--nd230,"Build a solid foundation in Supervised, Unsupervised, and Deep Learning. Then, use these skills to test and deploy machine learning models in a production environment.","['New', 'TensorFlow, ', 'Deep Learning, ', 'scikit-learn, ', 'Supervised Learning, ', 'Unsupervised Learning', 'Kaggle, ', 'AWS', 'Program Details', 'beginner']",School of Artificial Intelligence,beginner
UX Designer,/course/ux-designer-nanodegree--nd578,Design impactful user experiences for products in today’s digital world.,"['New', 'User Research, ', 'User Experience, ', 'Prototyping, ', 'Interactive Design, ', 'User Interface Design, ', 'Usability Testing', 'Program Details', 'beginner']",School of Business,beginner
Data Streaming,/course/data-streaming-nanodegree--nd029,Learn how to stream data to unlock key insights in real-time.,"['New', 'Data Streaming, ', 'Spark, ', 'Kafka, ', 'Kafka Streaming, ', 'Spark Streaming', 'Program Details', 'advanced']",School of Data Science,advanced
Front End Web Developer,/course/front-end-web-developer-nanodegree--nd0011,Learn how to build high quality websites and dynamic applications to create stunning user experiences for the web.,"['New', 'JavaScript, ', 'HTML, ', 'CSS, ', 'Webpack, ', 'Flexbox, ', 'Node, ', 'Object-Oriented Programming', 'Program Details', 'intermediate']",School of Programming,intermediate
Full Stack Web Developer,/course/full-stack-web-developer-nanodegree--nd0044,"Learn to design and develop powerful modern web applications that form the foundation for the apps, websites, and systems that people and businesses use every day.","['New', 'Python, ', 'JavaScript, ', 'PostgreSQL, ', 'Flask, ', 'Docker, ', 'Kubernetes', 'Program Details', 'intermediate']",School of Programming,intermediate
Java Developer,/course/java-developer-nanodegree--nd035,Learn back-end development with the Java programming language,"['New', 'Java, ', 'Spring Boot, ', 'Rest API, ', 'MySQL, ', 'MongoDB', 'Program Details', 'intermediate']",School of Programming,intermediate
AI Product Manager,/course/ai-product-manager-nanodegree--nd088,Learn to develop AI products that deliver business value. Build skills that help you compete in the new AI-powered world.,"['New', 'AI Products, ', 'Training ML Models, ', 'Annotating Datasets, ', 'Prototyping a Product', 'Figure Eight', 'Program Details', 'beginner']",School of Artificial Intelligence,beginner
Sensor Fusion Engineer,/course/sensor-fusion-engineer-nanodegree--nd313,"Learn to fuse lidar point clouds, radar signatures, and camera images using Kalman Filters to perceive the environment and detect and track vehicles and pedestrians over time.","['New', 'Perception, ', 'Lidar, ', 'Radar, ', 'Sensors, ', 'Computer Vision', 'Mercedes', 'Program Details', 'advanced']",School of Autonomous Systems,advanced
Data Visualization,/course/data-visualization-nanodegree--nd197,"Combine data, visuals, and narrative to tell impactful stories and make data-driven decisions.","['New', 'Data Visualization, ', 'Tableau, ', 'Dashboards, ', 'Data Storytelling', 'Program Details', 'beginner']",School of Data Science,beginner
Cloud Developer,/course/cloud-developer-nanodegree--nd9990,"Cloud development is the foundation for the new world of software development. Enroll now to build and deploy production-ready full stack apps at scale on AWS, an essential skill for advancing your web development career.","['New', 'AWS, ', 'Microservices, ', 'Serverless Architecture, ', 'Kubernetes', 'Program Details', 'intermediate ']",School of Cloud Computing,intermediate 
Cloud DevOps Engineer,/course/cloud-dev-ops-nanodegree--nd9991,"Companies are looking for talented DevOps engineers to remain competitive in this agile world. Enroll now to operationalize infrastructure at scale and deliver applications and services at high velocity, an essential skill for advancing your career.","['New', 'AWS, ', 'Configuration Management with Anisble, ', 'Continuous Integration / Continuous Deployment, ', 'Microservices with Kubernetes, ', 'CloudFormation', 'Program Details', 'intermediate ']",School of Cloud Computing,intermediate 
Intro to Machine Learning with PyTorch,/course/intro-to-machine-learning-nanodegree--nd229,"Build a solid foundation in Supervised, Unsupervised, and Deep Learning. Then, use these skills to test and deploy machine learning models in a production environment.","['New', 'Introduction to Machine Learning, ', 'Supervised Learning, ', 'Deep Learning, ', 'Unsupervised Learning', 'Kaggle, ', 'AWS', 'Program Details', 'beginner']",School of Artificial Intelligence,beginner
C++,/course/c-plus-plus-nanodegree--nd213,Get hands-on experience by building five real-world projects.,"['New', 'Data Structures & Algorithms, ', 'Memory Management, ', 'Concurrency, ', 'Object Oriented Programming, ', 'C++', 'Program Details', 'intermediate']",School of Autonomous Systems,intermediate
Data Structures and Algorithms,/course/data-structures-and-algorithms-nanodegree--nd256,Get hands-on practice with over 100 data structures and algorithm exercises and guidance from a dedicated mentor to help prepare you for interviews and on-the-job scenarios.,"['New', 'Data Structures and Algorithms, ', 'Problem Solving, ', 'Interview Practice Problems, ', 'Python', 'Program Details', 'intermediate']",School of Programming,intermediate
Programming for Data Science with R,/course/programming-for-data-science-nanodegree-with-R--nd118,"Prepare for a data science career by learning the fundamental data programming tools: R, SQL, command line, and git.","['New', 'R, ', 'SQL, ', 'Git', 'Mode', 'Program Details', 'beginner']",School of Data Science,beginner
Data Engineer,/course/data-engineer-nanodegree--nd027,"Data Engineering is the foundation for the new world of Big Data. Enroll now to build production-ready data infrastructure, an essential skill for advancing your data career.","['New', 'Data Modeling, ', 'Data Pipelines, ', 'Data Lakes, ', 'Spark, ', 'Airflow', 'Program Details', 'intermediate']",School of Data Science,intermediate
Marketing Analytics,/course/marketing-analytics-nanodegree--nd028,"Gain foundational data skills applicable to marketing. Collect and analyze data, model marketing scenarios, and communicate your findings with Excel, Tableau, Google Analytics, and Data Studios.","['New', 'Google Analytics, ', 'Excel & Spreadsheets, ', 'Data Visualization, ', 'Customer Segmentation', 'Program Details', 'beginner']",School of Business,beginner
Introduction to Programming,/course/intro-to-programming-nanodegree--nd000,"Udacity's Intro to Programming is your first step towards careers in Web and App Development, Machine Learning, Data Science, AI, and more! This program is perfect for beginners.","['Introduction to Programming, ', 'HTML, ', 'CSS, ', 'Python', 'Program Details', 'beginner']",School of Programming,beginner
Data Analyst,/course/data-analyst-nanodegree--nd002,"Use Python, SQL, and statistics to uncover insights, communicate critical findings, and create data-driven solutions.","['Data Wrangling, ', 'Matplotlib, ', 'Bootstrapping, ', 'Pandas & NumPy, ', 'Statistics', 'Kaggle, ', 'Mode', 'Program Details', 'intermediate']",School of Data Science,intermediate
iOS Developer,/course/ios-developer-nanodegree--nd003,"Master the Swift programming language, and create a portfolio of iOS apps for iPhone and iPad to showcase your skills!","['New', 'Swift programming, ', 'Core Data, ', 'UIKit, ', 'iOS networking, ', 'app publishing, ', 'User interfaces, ', 'Local Persistence, ', 'APIs', 'AT&T, ', 'Lyft, ', 'Google', 'Program Details', 'intermediate']",School of Programming,intermediate
Predictive Analytics for Business,/course/predictive-analytics-for-business-nanodegree--nd008,Learn to apply predictive analytics and business intelligence to solve real-world business problems.,"['Data Wrangling, ', 'Classification, ', 'A/B Testing, ', 'Forecasting, ', 'Segmentation', 'Alteryx, ', 'Tableau', 'Program Details', 'intermediate']",School of Business,intermediate
Machine Learning Engineer,/course/machine-learning-engineer-nanodegree--nd009t,"In this program you will master Supervised, Unsupervised, and Deep Learning fundamentals. You will also complete a capstone project in your chosen domain.","['New', 'Machine Learning, ', 'Supervised Learning, ', 'Unsupervised Learning, ', 'Deep Learning', 'Kaggle, ', 'AWS', 'Program Details', 'advanced']",School of Artificial Intelligence,advanced
Self Driving Car Engineer,/course/self-driving-car-engineer-nanodegree--nd013,"Self-driving cars are set to revolutionize the way we live. This is transformational technology, on the cutting-edge of robotics, machine learning, software engineering, and mechanical engineering. In this program, you’ll learn the skills and techniques used by self-driving car teams at the most advanced technology companies in the world.","['New', 'Computer Vision, ', 'Deep Learning, ', 'Sensor Fusion, ', 'Localization, ', 'Self-Driving Cars', 'Mercedes, ', 'Nvidia, ', 'Uber ATG, ', 'Didi, ', 'BMW, ', 'McLaren', 'Program Details', 'advanced']",School of Autonomous Systems,advanced
Digital Marketing,/course/digital-marketing-nanodegree--nd018,Gain real-world experience running live campaigns as you learn from top experts in the field. Launch your career with a 360-degree understanding of digital marketing.,"['Digital Marketing, ', 'Social Media Marketing, ', 'Facebook Marketing, ', 'Search Engine Optimization, ', 'Search Engine Marketing, ', 'Display Ads, ', 'Search Ads', 'Facebook Blueprint, ', 'Google, ', 'Hootsuite, ', 'HubSpot, ', 'MailChimp, ', 'Moz', 'Program Details', 'beginner']",School of Business,beginner
React,/course/react-nanodegree--nd019,React is completely transforming Front-End Development. Master this powerful UI library from Facebook with Udacity.,"['React, ', 'Redux, ', 'React Native', 'Program Details', 'intermediate']",School of Programming,intermediate
Data Scientist,/course/data-scientist-nanodegree--nd025,"Build effective machine learning models, run data pipelines, build recommendation systems, and deploy solutions to the cloud with industry-aligned projects.","['New', 'Machine Learning, ', 'Deep Learning, ', 'Software Engineering', 'Program Details', 'advanced']",School of Data Science,advanced
AI Programming with Python,/course/ai-programming-python-nanodegree--nd089,"Learn Python, NumPy, Pandas, Matplotlib, PyTorch, Calculus, and Linear Algebra—the foundations for building your own neural network.","['New', 'Python, ', 'NumPy, ', 'Pandas, ', 'Matplotlib, ', 'PyTorch', 'Program Details', 'beginner']",School of Artificial Intelligence,beginner
Business Analytics,/course/business-analytics-nanodegree--nd098,"Gain foundational data skills applicable to any industry. Collect and analyze data, model business scenarios, and communicate your findings with SQL, Excel, and Tableau.","['New', 'Excel & Spreadsheets, ', 'SQL, ', 'Data Visualization, ', 'Data Dashboards', 'Tableau, ', 'Mode', 'Program Details', 'beginner']",School of Business,beginner
Deep Learning,/course/deep-learning-nanodegree--nd101,Deep learning is driving advances in artificial intelligence that are changing our world. Enroll now to build and apply your own deep neural networks to produce amazing solutions to important challenges.,"['Deep Learning, ', 'Neural Networks, ', 'Jupyter Notebooks, ', 'CNNs, ', 'GANs', 'Amazon Web Services, ', 'Facebook Artificial Intelligence', 'Program Details', 'intermediate']",School of Artificial Intelligence,intermediate
Programming for Data Science with Python,/course/programming-for-data-science-nanodegree--nd104,"Learn the fundamental programming tools for data professionals: Python, SQL, the Terminal and Git.","['New', 'Python, ', 'Numpy & Pandas, ', 'SQL, ', 'Git & GitHub', 'Mode', 'Program Details', 'beginner']",School of Data Science,beginner
Intro to Self-Driving Cars,/course/intro-to-self-driving-cars--nd113,This introductory program is the perfect way to start your journey.,"['Statistics, ', 'Linear Algebra, ', 'C++, ', 'Calculus and Controls', 'Program Details', 'intermediate']",School of Autonomous Systems,intermediate
Blockchain Developer,/course/blockchain-developer-nanodegree--nd1309,"Demand for blockchain developers is skyrocketing. In this program, you'll work with the Bitcoin and Ethereum protocols, build projects for real-world application, and gain the essential skills for a career in this dynamic space.","['New', 'Ethereum Blockchain, ', 'Blockchain Architecture, ', 'Data Auditing', 'Program Details', 'intermediate']",School of Programming,intermediate
Robotics Software Engineer,/course/robotics-software-engineer--nd209,"Build five hands-on projects to acquire core robotics software engineering skills: ROS, Gazebo, Localization, Mapping, SLAM, Navigation, and Path Planning.","['New', 'C++, ', 'ROS, ', 'Localization, ', 'Mapping, ', 'SLAM, ', 'Navigation, ', 'Path Planning, ', 'Robot Operating System, ', 'Robotics', 'Program Details', 'advanced']",School of Autonomous Systems,advanced
Flying Car and Autonomous Flight Engineer,/course/flying-car-nanodegree--nd787,"Master job-ready autonomous flight software engineering skills as you tackle advanced challenges, write real code for real aircraft, and develop a systems understanding of the Flying Car full-stack.","['New', '3D Motion Planning, ', 'Controls, ', 'Estimation, ', 'Kalman Filters', 'Program Details', 'advanced']",School of Autonomous Systems,advanced
Android Developer,/course/android-developer-nanodegree-by-google--nd801,"Start your career as an Android developer. Learn best practices for mobile development, build a portfolio of apps, and publish your own app to Google Play.","['Android Development, ', 'Databases, ', 'Android Networking Libraries, ', 'Crash Analysis, ', 'Multilingual Support, ', 'Android Libraries, ', 'Gradle, ', 'APIs', 'Google', 'Program Details', 'intermediate']",School of Programming,intermediate
Android Basics,/course/android-basics-nanodegree-by-google--nd803,No programming experience? No Problem! Start developing Android apps today.,"['Android Development, ', 'Java programming, ', 'Android Studio, ', 'XML layouts, ', 'Android Views', 'Google', 'Program Details', 'beginner']",School of Programming,beginner
Artificial Intelligence for Trading,/course/ai-for-trading--nd880,"Complete real-world projects designed by industry experts, covering topics from asset management to trading signal generation. Master AI algorithms for trading, and build your career-ready portfolio.","['New', 'Momentum Trading Strategy, ', 'Smart Beta, ', 'Alpha Factors, ', 'Natural Language Processing, ', 'Deep Learning, ', 'Neural Networks', 'WorldQuant', 'Program Details', 'intermediate']",School of Artificial Intelligence,intermediate
Computer Vision,/course/computer-vision-nanodegree--nd891,"Learn the computer vision skills behind advances in robotics and automation. Write programs to analyze images, implement feature extraction, and recognize objects using deep learning models.","['New', 'Convolutional Neural Networks (CNN), ', 'Recurrent Neural Networks (RNN), ', 'Simultaneous Localization and Mapping (SLAM), ', 'Object Tracking, ', 'Image Classification, ', 'Deep Learning', 'Affectiva, ', 'Nvidia DLI', 'Program Details', 'advanced']",School of Artificial Intelligence,advanced
Natural Language Processing,/course/natural-language-processing-nanodegree--nd892,"Learn the skills to get computers to understand, process, and respond to human language. Build models on real data, and get hands-on experience with sentiment analysis, machine translation, and more.","['New', 'Machine Learning, ', 'Speech Recognition, ', 'Sentiment Analysis, ', 'Machine Translation, ', 'Part of Speech Tagging', 'Amazon Alexa, ', 'IBM Watson', 'Program Details', 'advanced']",School of Artificial Intelligence,advanced
Deep Reinforcement Learning,/course/deep-reinforcement-learning-nanodegree--nd893,Master the deep reinforcement learning skills that are powering amazing advances in AI. Then start applying these to applications like video games and robotics.,"['New', 'Reinforcement Learning, ', 'Neural Networks, ', 'PyTorch, ', 'Deep Q-Networks (DQN), ', 'Deep Deterministic Policy Gradients (DDPG)', 'Unity, ', 'NVIDIA Deep Learning Institute', 'Program Details', 'advanced']",School of Artificial Intelligence,advanced
Artificial Intelligence,/course/ai-artificial-intelligence-nanodegree--nd898,"Learn essential Artificial Intelligence concepts from AI experts like Peter Norvig and Sebastian Thrun, including search, optimization, planning, pattern recognition, and more.","['New', 'AI Algorithms, ', 'Search Algorithms, ', 'Optimization, ', 'Planning, ', 'Pattern Recognition', 'Program Details', 'advanced']",School of Artificial Intelligence,advanced
Product Manager Interview Preparation,/course/product-manager-interview-preparation--ud034,"Ace your product management interview by understanding how to answer key strategic, technical, and practical product questions.","['New', 'Product Management, ', 'Interview Preparation, ', 'Career Advancement, ', 'Product Strategy, ', 'Technical Interview', 'Course Details', 'beginner']",Career Advancement,beginner
Managing Remote Teams with Upwork,/course/managing-remote-teams-with-upwork--ud942,Bring your remote-teams to the next level with hands-on skills to manage your remote workforce effectively.,"['New', 'Team Management, ', 'Workforce Training, ', 'Business Strategy, ', 'Agile Management, ', 'Remote Work', 'Upwork', 'Course Details', 'beginner']",School of Business,beginner
Self-Driving Fundamentals: Featuring Apollo ,/course/self-driving-car-fundamentals-featuring-apollo--ud0419,"Identify key parts of self-driving cars, utilize Apollo HD Map, localization, perception, prediction, planning and control, and start the learning path of building a self-driving car. ","['New', 'Apollo HD Map, ', 'Localization, ', 'Perception, ', 'Prediction, ', 'Planning, ', 'Control', 'Baidu', 'Course Details', 'beginner']",School of Autonomous Systems,beginner
AWS DeepRacer,/course/aws-deepracer--ud014,Learn the fundamentals of machine learning and reinforcement learning in a fun and engaging way through autonomous driving with AWS DeepRacer.,"['New', 'Machine Learning, ', 'Reinforcement Learning, ', 'AWS DeepRacer', 'AWS DeepRacer', 'Course Details', 'intermediate']",School of Artificial Intelligence,intermediate
Spark,/course/learn-spark-at-udacity--ud2002,Master how to work with big data and build machine learning models at scale using Spark!,"['New', 'Spark, ', 'SparkSQL, ', 'Spark Dataframes, ', 'Data Wrangling, ', 'Machine Learning', 'Insight', 'Course Details', 'intermediate']",School of Data Science,intermediate
Tales from the Genome,/course/tales-from-the-genome--bio110,"Learn the basics of genetics, with a personal twist. This class is all about DNA and how it shapes who we are.","['Free', 'Genetics, ', 'DNA, ', 'Gene regulation', '23andMe', 'Course Details', 'beginner']",,beginner
Design of Computer Programs,/course/design-of-computer-programs--cs212,"Learn how to model problems, and how to optimize performance by using some of the advanced features of Python.","['Free', 'Computer Program Design, ', 'Python, ', 'Design Process', 'Course Details', 'advanced']",School of Programming,advanced
Intro to Algorithms,/course/intro-to-algorithms--cs215,"This class will give you an introduction to the design and analysis of algorithms, enabling you to analyze networks and discover how individuals are connected.","['Free', 'Algorithms, ', 'Social Networks, ', 'Graph Algorithms', 'Course Details', 'intermediate']",School of Programming,intermediate
Differential Equations in Action,/course/differential-equations-in-action--cs222,"Write Python code to find numerical solutions to systems of differential equations. The models you create will fight wildfires, bring spaceships back to earth, and more!","['Free', 'Math, ', 'Differential Equations', 'Course Details', 'intermediate']",School of Autonomous Systems,intermediate
Software Testing,/course/software-testing--cs258,Learn how to catch bugs and break software as you discover different testing methods that will help you build better software.,"['Free', 'Software Testing, ', 'Debugging, ', 'Code Coverage', 'Course Details', 'intermediate']",School of Programming,intermediate
Software Debugging,/course/software-debugging--cs259,In this course you will learn how to debug programs systematically using scientific methods and build several automated debugging tools in Python.,"['Free', 'Debugging, ', 'Python, ', 'Automated Debugging', 'Course Details', 'intermediate']",School of Programming,intermediate
Programming Languages,/course/programming-languages--cs262,"This course is an introduction to the fundamentals of programming languages. Concepts include how to specify and process valid strings, sentences and program structures.","['Free', 'Introduciton to Programming Languages, ', 'Validate and Process Strings, ', 'HTML and JavaScript, ', 'Build your own web browser', 'Course Details', 'intermediate']",School of Programming,intermediate
Intro to Artificial Intelligence,/course/intro-to-artificial-intelligence--cs271,"This course will introduce you to the basics of AI. Topics include machine learning, probabilistic reasoning, robotics, computer vision, and natural language processing.","['Free', 'Artificial Intelligence, ', 'Machine Learning, ', 'Probability, ', 'Logic and Planning, ', 'Markov models', 'Course Details', 'intermediate']",School of Artificial Intelligence,intermediate
Interactive 3D Graphics,/course/interactive-3d-graphics--cs291,"This course will teach you the principles of 3D computer graphics: meshes, transforms, lighting, animation, and making interactive 3D applications run in a browser.","['Free', 'Animated 3D Demo Program, ', 'Computer Image Generation, ', 'Programming Vertex and Pixel Shaders', 'Autodesk', 'Course Details', 'intermediate']",School of Programming,intermediate
Intro to Theoretical Computer Science,/course/intro-to-theoretical-computer-science--cs313,Learn the basic concepts in theoretical computer science. Discover what they imply for solving tough computational challenges.,"['Free', 'theoretical computer science, ', 'NP-completeness, ', 'Recognizing algorithmic problems, ', 'Solving algorithmic problems', 'Course Details', 'intermediate']",School of Programming,intermediate
Artificial Intelligence for Robotics,/course/artificial-intelligence-for-robotics--cs373,"Learn how to program all the major systems of a robotic car. Topics include planning, search, localization, tracking, and control.","['Free', 'Probabilistic Models, ', 'Kalman Filters, ', 'Motion Planning, ', 'Robot Control, ', 'Simultaneous Localization & Mapping', 'Georgia Institute of Technology', 'Course Details', 'advanced']",School of Artificial Intelligence,advanced
Applied Cryptography,/course/applied-cryptography--cs387,"Cryptography is present in everyday life, from paying with a credit card to using the telephone.  Learn all about making and breaking puzzles in computing.","['Free', 'Cryptography, ', 'Ciphers, ', 'Encryption', 'Course Details', 'advanced']",School of Programming,advanced
Intro to the Design of Everyday Things,/course/intro-to-the-design-of-everyday-things--design101,"This course will provide you with the insight to start recognizing the role of design in today’s world, and to start making better design decisions in your own life.","['Free', 'Design, ', 'Conceptual Models, ', 'UI, ', 'UX', 'Course Details', 'beginner']",,beginner
How to Build a Startup,/course/how-to-build-a-startup--ep245,"Learn what it takes to build a successful startup using the Customer Development process, where entrepreneurs ""get out of the building"" to gather and iterate on feedback.","['Free', 'Entrepreneurship, ', 'Value Proposition, ', 'Revenue Models, ', 'Customer Segments', 'Course Details', 'intermediate']",School of Business,intermediate
OMSCS Student Orientation,/course/omscs-student-orientation--gt101,"In this OMS Orientation, we cover several things you will need to know to be a successful OMS student.","['Free', 'Georgia Institute of Technology', 'Course Details', 'beginner']",,beginner
Intro to Physics,/course/intro-to-physics--ph100,"Go to the places where big physics discoveries were made in the past and make them yourself. You’ll visit Italy, the Netherlands, and the UK as you learn basic physics.","['Free', 'Kinematics, ', 'Dynamics, ', 'Trigonometry, ', 'Periodic Motion, ', 'Electricity', 'Course Details', 'beginner']",School of Programming,beginner
Intro to Psychology,/course/intro-to-psychology--ps001,Go on a journey through psychological concepts and principles to enable you to gain a more in-depth understanding of human thought and behavior.,"['Free', 'Pyschology, ', 'Research Methods, ', 'Biology', 'San Jose State University', 'Course Details', 'beginner']",School of Programming,beginner
Statistics,/course/statistics--st095,We live in a time of unprecedented access to information. You'll learn how to use statistics to interpret that information and make decisions.,"['Free', 'Statistical Research Methods, ', 'Data Visualization, ', 'Distributions, ', 'Hypothesis Testing, ', 'Regression', 'San Jose State University', 'Course Details', 'beginner']",School of Programming,beginner
Intro to Statistics,/course/intro-to-statistics--st101,"Get ready to analyze, visualize, and interpret data! Thought-provoking examples and chances to combine statistics and programming will keep you engaged and challenged.","['Free', 'Probability, ', 'Descriptive Statistics, ', 'Inferential Statistics', 'Course Details', 'beginner']",School of Programming,beginner
Intro to HTML and CSS,/course/intro-to-html-and-css--ud001,"In this course, you'll learn the fundamentals web development, along with best practices and professional problem-solving techniques using Developer Tools.","['Free', 'HTML, ', 'CSS, ', 'CSS Syntax, ', 'HTML Syntax Problem Set', 'Course Details', 'beginner']",School of Programming,beginner
High Performance Computer Architecture,/course/high-performance-computer-architecture--ud007,"The HPCA course covers performance measurement, pipelining, and improved parallelism through various means.","['Free', 'Processor Pipelining, ', 'Branch Prediction, ', 'Instruction Scheduling, ', 'Memory Ordering, ', 'Multiprocessor Architectures', 'Georgia Institute of Technology', 'Course Details', 'advanced']",School of Programming,advanced
Data Wrangling with MongoDB,/course/data-wrangling-with-mongodb--ud032,"Data Scientists spend most of their time cleaning data. In this course, you will learn to convert and manipulate messy data to extract what you need.","['Free', 'Gathering Data, ', 'Assessing Data, ', 'Cleaning Data, ', 'Data Wrangling, ', 'MongoDB', 'MongoDB', 'Course Details', 'intermediate']",School of Programming,intermediate
Firebase in a Weekend: iOS,/course/firebase-in-a-weekend-by-google-ios--ud0351,This course will teach you when and why to choose Firebase as a backend for your iOS application.,"['Free', 'Android Development', 'Google', 'Course Details', 'intermediate']",School of Programming,intermediate
Firebase in a Weekend: Android,/course/firebase-in-a-weekend-by-google-android--ud0352,This course will teach you when and why to choose Firebase as a backend for your Android application.,"['Free', 'Android Development', 'Google', 'Course Details', 'intermediate']",School of Programming,intermediate
"Computability, Complexity & Algorithms",/course/computability-complexity-algorithms--ud061,Learn tools and techniques that will help you recognize when problems you encounter are intractable and when there an efficient solution.,"['Free', 'Georgia Institute of Technology', 'Course Details', 'advanced']",School of Programming,advanced
Full Stack Foundations,/course/full-stack-foundations--ud088,Learn the fundamentals of back-end web development by creating your own web application from the ground up using the iterative development process.,"['Free', 'Flask, ', 'CRUD, ', 'Model-View-Controller, ', 'Python, ', 'Object-relational Mapping', 'Amazon Web Services', 'Course Details', 'intermediate']",School of Programming,intermediate
GT - Refresher - Advanced OS,/course/gt-refresher-advanced-os--ud098,"This course covers the essential Operating Systems concepts students need in preparation for the rest of the GT ""Advanced Operating Systems"" sequence.","['Free', 'Operating Systems, ', 'Virtual Memory, ', 'File Systems, ', 'Multithreaded Programming, ', 'Networking', 'Georgia Institute of Technology', 'Course Details', 'intermediate']",School of Programming,intermediate
Machine Learning Interview Preparation,/course/machine-learning-interview-prep--ud1001,"In this course, you’ll learn exactly what to expect during a machine learning interview.","['New', 'Interview practice, ', 'Machine Learning, ', 'Career Advancement', 'Course Details', 'intermediate']",Career Advancement,intermediate
Deploying a Hadoop Cluster,/course/deploying-a-hadoop-cluster--ud1000,Deploy your own Hadoop cluster to crunch some big data!,"['Free', 'Data Analysis, ', 'Hadoop, ', 'MapReduce', 'Course Details', 'intermediate']",School of Programming,intermediate
Data Visualization in Tableau,/course/data-visualization-in-tableau--ud1006,Learn the fundamentals of data visualization and practice communicating with data.,"['Free', 'Tableau, ', 'Design of Visualizations, ', 'Visual Encodings', 'Course Details', 'beginner']",School of Programming,beginner
Objective-C for Swift Developers,/course/objective-c-for-swift-developers--ud1009,"Learn the distinguishing language features of Objective-C. Practice Objective-C syntax by writing classes, and writing and calling methods.","['Free', 'iOS, ', 'Swift, ', 'Objective-C, ', 'Control Flow Syntax', 'Lyft, ', 'Venmo', 'Course Details', 'intermediate']",School of Programming,intermediate
Data Structures & Algorithms in Swift,/course/data-structures-and-algorithms-in-swift--ud1011,Review and practice the skills technical interviewers expect you to know and learn how to explain your Swift solutions.,"['New', 'Interview practice, ', 'Swift, ', 'Data structures, ', 'Career Advancement', 'Course Details', 'intermediate']",Career Advancement,intermediate
Introduction to Virtual Reality,/course/introduction-to-virtual-reality--ud1012,"If you are interested in learning more about virtual reality, this course will teach you the principles of VR technology and help you understand what you can build in VR.","['Free', 'VR development, ', 'Unity, ', 'Google VR SDK for Unity, ', 'General understanding of how VR works, ', 'Deploying to Android and iOS', 'Google VR', 'Course Details', 'beginner']",School of Programming,beginner
VR Scenes and Objects,/course/vr-scenes-and-objects--ud1013,Take the first step in Unity and begin to develop VR content. Learn the principles of the Unity platform and help you understand what you can build in VR!,"['Free', 'VR development, ', 'Unity, ', 'Google VR SDK for Unity, ', 'Game Objects, ', 'Materials', 'Google VR', 'Course Details', 'beginner']",,beginner
VR Software Development,/course/vr-software-development--ud1014,Learn about the world of virtual reality programming! You will learn the basics of programming in C# and how to use it control virtual reality applications in Unity.,"['Free', 'VR development, ', 'Unity, ', 'Google VR SDK for Unity, ', 'C#, ', 'UI interfaces and interaction', 'Google VR', 'Course Details', 'beginner']",,beginner
Swift for Beginners,/course/swift-for-beginners--ud1022,"Learn Swift, Apple's programming language for building iOS applications. Start with the basics and work your way towards completing sets of challenges in Swift.","['Free', 'Variables and Constants, ', 'Strings, ', 'Control Flow, ', 'Functions', 'Course Details', 'beginner']",School of Programming,beginner
Swift for Developers,/course/swift-for-developers--ud1025,Get a quick practical introduction to Swift programming basics and build your first iOS app!,"['Free', 'Variables and Constants, ', 'Strings, ', 'Control Flow, ', 'Functions', 'Course Details', 'beginner']",School of Programming,beginner
AutoLayout,/course/auto-layout--ud1026,"With this course, you will learn about AutoLayout and how to use stack views and constraints to create pixel-perfect UIs.","['Free', 'Design, ', 'UI, ', 'Stack Views, ', 'Constraints', 'Course Details', 'intermediate']",School of Programming,intermediate
Passwordless Login Solutions for iOS,/course/passwordless-login-solutions-for-ios--ud1028,"In this course you'll implement Account Kit and Facebook Login side by side in a sample app, test our login flow on a series of common use cases, and wrap things up with an introduction to Facebook’s Graph API.","['Free', 'Account Kit, ', 'Facebook SDK, ', 'Graph API', 'Facebook for Developers', 'Course Details', 'intermediate']",School of Programming,intermediate
Server-Side Swift,/course/server-side-swift--ud1031,"In this course, built in collaboration with IBM and Hashicorp, you'll learn how to use Swift as a server-side language for building end-to-end applications.","['Free', 'Swift Package Manager, ', 'MySQL, ', 'Docker, ', 'Terraform, ', 'Microservices', 'Course Details', 'intermediate']",School of Programming,intermediate
Mobile Design and Usability for iOS,/course/mobile-design-and-usability-for-ios--ud1034,"In this course, taught in collaboration with Facebook, you'll learn how to design an intuitive, user-centered mobile app, from product conception to release.","['Free', 'Product Design, ', 'Prototyping', 'Facebook for Developers', 'Course Details', 'intermediate']",School of Programming,intermediate
Core ML: Machine Learning for iOS,/course/core-ml--ud1038,Learn how to use Apple's Core ML framework to build iOS apps with intelligent new features.,"['Free', 'iOS, ', 'Image Classification, ', 'Core ML', 'Course Details', 'intermediate']",School of Programming,intermediate
Eigenvectors and Eigenvalues,/course/eigenvectors-and-eigenvalues--ud104,Learn how to calculate eigenvalues and eigenvectors and why they are important for AI applications.,"['Free', 'Linear Algebra, ', 'Eigenvectors, ', 'Eigenvalues', 'Course Details', 'beginner']",School of Artificial Intelligence,beginner
Asynchronous JavaScript Requests,/course/asynchronous-javascript-requests--ud109,Learn how to asynchronously request data in your web applications with Ajax.,"['Free', 'Asynchronous Data Retrieval, ', 'Ajax with XHR, ', 'Ajax with jQuery, ', 'Ajax with Fetch', 'Course Details', 'intermediate']",School of Programming,intermediate
Intro to AJAX,/course/intro-to-ajax--ud110,"Learn how to perform asynchronous requests as you build a web app with data from Google Street View, the New York Times and Wikipedia!","['Free', 'Asynchronous requests with JavaScript, ', 'Data APIs, ', 'Web Applications, ', 'Site Customization', 'Course Details', 'intermediate']",School of Programming,intermediate
Learn ARKit using Unity,/course/learn-arkit-using-unity--ud114,Use ARKit and the Unity game engine to build beautiful and performant augmented reality scenes. Learn how to make your AR experience more dynamic and responsive by integrating proper lighting and physics using C# programming in the Unity interface.,"['New', 'Anchor Points, ', 'ARKit Events, ', 'Lighting and Shadows, ', 'Build an AR app from scratch, ', 'Visual Inertial Odometry, ', 'Anchor 3D objects to real-world positions, ', 'Use ARKit’s positional tracking, ', 'Raycasting and Hit testing', 'Course Details', 'intermediate']",,intermediate
Learn ARKit using Swift,/course/learn-arkit-using-swift--ud116,Focus on the fundamentals of ARKit using Swift and Xcode to build beautiful and performant augmented reality scenes. Learn to make your AR experience more dynamic and responsive by integrating proper lighting and physics using the Swift programming language.,"['New', 'Degrees of freedom, ', 'Hit testing, ', 'Particle Systems, ', 'Build an AR app from scratch, ', 'Anchor 3D objects to real-world positions, ', 'Apply physics to 3D objects, ', 'Add objects to a scene, ', 'Use lighting and shadows', 'Course Details', 'intermediate']",,intermediate
Introduction to Python Programming,/course/introduction-to-python--ud1110,"In this course, you'll learn the fundamentals of the Python programming language, along with programming best practices. You’ll learn to represent and store data using Python data types and variables, and use conditionals and loops to control the flow of your programs. You’ll harness the power of complex data structures like lists, sets, dictionaries, and tuples to store collections of related data. You’ll define and document your own custom functions, write scripts, and handle errors. Lastly, you’ll learn to find and use modules in the Python Standard Library and other third-party libraries.","['New', 'Course Details', 'beginner']",School of Programming,beginner
JavaScript and the DOM,/course/javascript-and-the-dom--ud117,Discover how the DOM is created and learn to programmatically control the page using JavaScript.,"['Free', 'Course Details', 'intermediate']",School of Programming,intermediate
Introduction to Machine Learning Course,/course/intro-to-machine-learning--ud120,"This class will teach you the end-to-end process of investigating data through a machine learning lens. Learn online, with Udacity.","['Free', 'Machine Learning, ', 'Supervised Learning, ', 'Unsupervised Learning, ', 'Evaluation Metrics, ', 'Data Manipulation', 'Course Details', 'intermediate']",School of Artificial Intelligence,intermediate
Version Control with Git,/course/version-control-with-git--ud123,"Learn how to use Git, a popular Version Control System and essential tool for any developer.","['Free', 'Git, ', 'Version Control, ', 'Creating a Git repo, ', 'Editing commits', 'Course Details', 'beginner']",School of Programming,beginner
Introduction to Cybersecurity,/course/introduction-to-cybersecurity--ud1337,Explore the fundamental building blocks of cybersecurity.,"['Free', 'Chronicle', 'Course Details', 'intermediate']",School of Programming,intermediate
Database Systems Concepts & Design,/course/database-systems-concepts-design--ud150,This course presents an example of applying a database application development methodology to a major real-world project.,"['Free', 'Database Management Systems, ', 'Relational Algebra, ', 'Sequential Query Language, ', 'Data Indexing, ', 'SQL Injection', 'Georgia Institute of Technology', 'Course Details', 'intermediate']",School of Programming,intermediate
Intro to Point & Click App Development,/course/intro-to-point-click-app-development--ud162,In this short class you'll build powerful apps without writing code. Great if you're an aspiring developer or someone who wants to learn what programmers do.,"['Free', 'Salesforce App Development, ', 'Schema Building, ', 'Data Modeling', 'Salesforce', 'Course Details', 'beginner']",School of Programming,beginner
Compilers: Theory and Practice,/course/compilers-theory-and-practice--ud168,This course teaches the theory and practice behind building compilers for higher level programming languages.,"['Free', 'Compilers, ', 'Semantic Analysis, ', 'Syntax Directed Translation, ', 'Control Flow Analysis', 'Georgia Institute of Technology', 'Course Details', 'intermediate']",School of Programming,intermediate
Embedded Systems,/course/embedded-systems--ud169,"This course takes a holistic view of the embedded system stack focusing on processor architectures, instruction sets, and the associated advanced compiler optimizations.","['Free', 'VLIW Architecture, ', 'Compilers for Embedded Systems, ', 'Differential Register Allocation, ', 'Network Processors, ', 'Multithreaded Processing', 'Georgia Institute of Technology', 'Course Details', 'intermediate']",School of Programming,intermediate
Intro to Data Analysis,/course/intro-to-data-analysis--ud170,"Explore a variety of datasets, posing and answering your own questions about each. You'll be using the Python libraries NumPy, Pandas, and Matplotlib.","['Free', 'Data Analysis, ', 'Python, ', 'numpy, ', 'pandas', 'Course Details', 'beginner']",School of Data Science,beginner
Intro to Backend,/course/intro-to-backend--ud171,Learn to build a multiuser blog with Google App Engine that permits users to sign in,"['Free', 'User Input, ', 'Producing templated output, ', 'Databases and data stores, ', 'Secure user account systems', 'Course Details', 'intermediate']",School of Programming,intermediate
Secure and Private AI,/course/secure-and-private-ai--ud185,Learn how to extend PyTorch with the tools necessary to train AI models that preserve user privacy.,"['New', 'Facebook AI', 'Course Details', 'advanced']",School of Artificial Intelligence,advanced
Introduction to TensorFlow Lite,/course/intro-to-tensorflow-lite--ud190,Learn how to deploy deep learning models on mobile and embedded devices with TensorFlow Lite.,"['New', 'TensorFlow Lite, ', 'Deep Learning Models, ', 'Android, ', 'iOS, ', 'Linux', 'TensorFlow Lite', 'Course Details', 'intermediate']",School of Artificial Intelligence,intermediate
Intro to TensorFlow for Deep Learning,/course/intro-to-tensorflow-for-deep-learning--ud187,"Developed by Google and Udacity, this course teaches a practical approach to deep learning for software developers.","['New', 'TensorFlow', 'Course Details', 'intermediate']",School of Artificial Intelligence,intermediate
Intro to Deep Learning with PyTorch,/course/deep-learning-pytorch--ud188,Learn the basics of deep learning and implement your own deep neural networks with PyTorch,"['New', 'Deep Learning, ', 'PyTorch, ', 'Neural Networks, ', 'CNNs, ', 'LSTMs, ', 'Style Transfer', 'Facebook AI', 'Course Details', 'intermediate']",School of Artificial Intelligence,intermediate
WeChat Mini Program Development,/course/wechat-mini-programs--ud667,"Developed by Tencent and Udacity, this course will teach you to build your first Mini Program.","['New', 'WeChat', 'Course Details', 'beginner']",School of Programming,beginner
Advanced Operating Systems,/course/advanced-operating-systems--ud189,advanced,"['Free', 'Operating System Kernels, ', 'Virtualization, ', 'Distributed Systems, ', 'Cloud Computing, ', 'Real-Time Operating Systems', 'Georgia Institute of Technology', 'Course Details']",School of Programming,advanced
Intro to Relational Databases,/course/intro-to-relational-databases--ud197,Relational databases are a powerful tool used throughout the industry. Learn the basics of SQL and how to connect your Python code to a relational database.,"['Free', 'Rational databases, ', 'SQL, ', 'Python API, ', 'Python DB-API, ', 'Select and insert statements', 'Course Details', 'intermediate']",School of Programming,intermediate
SQL for Data Analysis,/course/sql-for-data-analysis--ud198,Learn to use Structured Query Language (SQL) to extract and analyze data stored in databases,"['New', 'Mode', 'Course Details', 'beginner']",School of Data Science,beginner
Network Security,/course/network-security--ud199,"This course provides an introduction to computer and network security, including cryptography, cryptanalysis, and systems security.","['Free', 'Cryptography, ', 'Systems Security, ', 'Distributed Denial of Service Attacks, ', 'Penetration Testing, ', 'Botnet Detection', 'Georgia Institute of Technology', 'Course Details', 'intermediate']",School of Programming,intermediate
Intro to Inferential Statistics,/course/intro-to-inferential-statistics--ud201,Intro to Inferential Statistics will teach you how to test your hypotheses and begin to make predictions based on statistical results drawn from data!,"['Free', 'Inferential Statistics, ', 'Hypothesis Testing, ', 'T-tests, ', 'ANOVA', 'Course Details', 'beginner']",School of Data Science,beginner
Shell Workshop,/course/shell-workshop--ud206,"The Unix shell is a valuable tool for developing and deploying software. Learn the basics of this terminal-based, command-line interface.","['Free', 'Shell, ', 'Using Terminal, ', 'Running command-line programs, ', 'Customizing Shell', 'Course Details', 'beginner']",School of Programming,beginner
C++ For Programmers,/course/c-for-programmers--ud210,"This course teaches C++ to students already familiar with a programming language. Students will learn how to use header files, control flow, functions, classes.","['Free', 'Pointers and Arrays, ', 'Control Flow, ', 'Object Oriented Programming, ', 'C++ Templates, ', 'C++ Standard Library', 'Course Details', 'intermediate']",School of Programming,intermediate
iOS Interview Prep,/course/ios-interview-prep--ud240,Answer iOS and mobile development interview questions with confidence and poise.,"['New', 'Interview practice, ', 'Common iOS Questions, ', 'Whiteboarding, ', 'Career Advancement', 'Course Details', 'intermediate']",Career Advancement,intermediate
Android Interview Prep,/course/android-interview-prep--ud241,Learn how to respond to common Android and mobile development interview questions.,"['New', 'Interview practice, ', 'Common Android Questions, ', 'Whiteboarding', 'Grow With Google', 'Course Details', 'intermediate']",Career Advancement,intermediate
Strengthen Your LinkedIn Network & Brand,/course/strengthen-your-linkedin-network-and-brand--ud242,Learn how to excel at networking both in-person and on LinkedIn.,"['New', 'Personal branding, ', 'LinkedIn, ', 'Networking, ', 'Career Advancement', 'Grow With Google', 'Course Details', 'beginner']",Career Advancement,beginner
Refresh Your Resume,/course/refresh-your-resume--ud243,Create a targeted resume that gets the attention of recruiters and lands you an interview in tech.,"['New', 'Resume writing, ', 'Company targeting, ', 'Storytelling, ', 'Career Advancement', 'Grow With Google', 'Course Details', 'beginner']",Career Advancement,beginner
Craft Your Cover Letter,/course/craft-your-cover-letter--ud244,Write a compelling narrative that showcases your value to the company.,"['New', 'Creating a narrative, ', 'Targeting your pitch, ', 'Communicating value, ', 'Career Advancement', 'Course Details', 'beginner']",Career Advancement,beginner
Intro to jQuery,/course/intro-to-jquery--ud245,Learn how to access and modify the DOM with ease using jQuery!,"['Free', 'jQuery, ', 'DOM Structure, ', 'Reading jQuery documentation, ', 'Modify HTML attributes and content', 'Course Details', 'intermediate']",School of Programming,intermediate
Front-End Interview Prep,/course/front-end-interview-prep--ud250,Answer front-end technical and behavioral interview questions with confidence and poise.,"['New', 'Interview questions, ', 'Common FE Questions, ', 'Whiteboarding, ', 'Career Advancement', 'Course Details', 'intermediate']",Career Advancement,intermediate
VR Interview Prep,/course/vr-interview-prep--ud251,Learn how to tackle interview questions for technical roles in VR Development.,"['New', 'Interview practice, ', 'Common VR Questions, ', 'Whiteboarding, ', 'Career Advancement', 'Grow With Google', 'Course Details', 'intermediate']",Career Advancement,intermediate
Full-Stack Interview Prep,/course/full-stack-interview-prep--ud252,Answer common full stack and web security interview questions with confidence and poise.,"['New', 'Interview practice, ', 'Common FS Questions, ', 'Whiteboarding, ', 'Career Advancement', 'Course Details', 'intermediate']",Career Advancement,intermediate
Networking for Web Developers,/course/networking-for-web-developers--ud256,You've used the Internet. Now find out more about how it works.,"['Free', 'HTTP, ', 'Domain Name System, ', 'Ping, ', 'TCP/IP stack, ', 'IP addressing', 'Course Details', 'beginner']",School of Programming,beginner
A/B Testing,/course/ab-testing--ud257,Design and implement an A/B test to determine the efficacy of potential improvements to an online site or mobile app while specifying metrics to measure.,"['Free', 'A/B Testing, ', 'Experiment Design, ', 'Statistics', 'Google', 'Course Details', 'intermediate']",School of Artificial Intelligence,intermediate
Machine Learning,/course/machine-learning--ud262,"In this course, you'll learn how to apply Supervised, Unsupervised and Reinforcement Learning techniques for solving a range of data science problems.","['Free', 'Supervised Learning, ', 'Unsupervised Learning, ', 'Information Theory, ', 'Reinforcement Learning, ', 'Game Theory', 'Georgia Institute of Technology', 'Course Details', 'intermediate']",School of Artificial Intelligence,intermediate
Dynamic Web Applications with Sinatra,/course/dynamic-web-applications-with-sinatra--ud268,"Sinatra is a micro-framework for quickly developing small Ruby applications for the web. In this course, you'll learn all about Sinatra, routing, and templating.","['Free', 'Ruby, ', 'Sinatra, ', 'Building web applications', 'Course Details', 'intermediate']",School of Programming,intermediate
The MVC Pattern in Ruby,/course/the-mvc-pattern-in-ruby--ud270,"In this course you’ll learn how to organize your code, and why that’s important. You’ll be using the MVC Design Pattern in the web application micro-framework Sinatra.","['Free', 'Ruby, ', 'Sinatra, ', 'MVC Design Pattern, ', 'Writing organized code', 'Course Details', 'intermediate']",School of Programming,intermediate
Deploying Applications with Heroku,/course/deploying-applications-with-heroku--ud272,Deploy your first web application using the Heroku platform and learn about the underlying mechanics of web hosting.,"['Free', 'App Deployment, ', 'Heroku', 'Course Details', 'intermediate']",School of Programming,intermediate
Cyber-Physical Systems Security,/course/cyber-physical-systems-security--ud279,This course provides an introduction to security issues relating to cyber-physical systems including industrial control systems and critical infrastructures.,"['Free', 'Industrial Networks, ', 'Industrial Control Systems, ', 'Smart Grid Infrastructure, ', 'Cyber Security, ', 'Privacy', 'Georgia Institute of Technology', 'Course Details', 'intermediate']",School of Programming,intermediate
High Performance Computing,/course/high-performance-computing--ud281,"This course will give you solid foundations for developing, analyzing, and implementing parallel and locality-efficient algorithms.  Offered at Georgia Tech as CS6220","['Free', 'Shared Memory Models, ', 'Parallel Algorithms, ', 'Distributed Memory Models, ', 'Message Passing Interfaces, ', 'Hierarchical Memory Models', 'Georgia Institute of Technology', 'Course Details', 'advanced']",School of Programming,advanced
Java Programming Basics,/course/java-programming-basics--ud282,"Take your first steps towards becoming a Java developer! Learn Java syntax and create conditional statements, loops, and functions.","['Free', 'Java Programming, ', 'Java Syntax, ', 'Java Functions, ', 'Loops', 'Course Details', 'beginner']",School of Programming,beginner
Object Oriented Programming in Java,/course/object-oriented-programming-in-java--ud283,Learn how to apply powerful object-oriented programming concepts in Java,"['Free', 'Object Oriented Programming, ', 'Java, ', 'User Interaction', 'Course Details', 'intermediate']",School of Programming,intermediate
HTML5 Canvas,/course/html5-canvas--ud292,Learn how you can use HTML5 Canvas to create and modify images or even interactive animations.,"['Free', 'HTML5 Canvas, ', 'Canvas2D, ', 'Creating animation', 'Course Details', 'beginner']",School of Programming,beginner
Configuring Linux Web Servers,/course/configuring-linux-web-servers--ud299,"Serve a data-driven web application as you become acquainted with, configure and finally secure a Ubuntu Linux web application server.","['Free', 'Linux, ', 'Linux security, ', 'Apache HTTP Server, ', 'PostgreSQL database server, ', 'Python WSGI application', 'Course Details', 'advanced']",School of Programming,advanced
HTTP & Web Servers,/course/http-web-servers--ud303,HTTP is the fundamental protocol of the Web. Explore how it works using Python code and command-line tools.,"['Free', 'HTTP, ', 'Python, ', 'Deploying services', 'Course Details', 'intermediate']",School of Programming,intermediate
iOS Persistence and Core Data,/course/ios-persistence-and-core-data--ud325,"Persisting data is a core skill for any iOS developer. Learn how to store app data to your device using three common techniques: NSUserDefaults, Sandbox, and Core Data.","['Free', 'Data Persistence, ', 'Core Data, ', 'UserDefaults, ', 'FileManager', 'Course Details', 'advanced']",School of Programming,advanced
Authentication & Authorization: OAuth,/course/authentication-authorization-oauth--ud330,Learn to implement the OAuth 2.0 framework to allow users to securely and easily login to your web applications.,"['Free', 'Flask, ', 'OAuth 2.0, ', 'Authentication & Authorization, ', 'Python', 'Course Details', 'intermediate']",School of Programming,intermediate
Software Analysis & Testing,/course/software-analysis-testing--ud333,"This course covers the theory and practice of software analysis, which is at the heart of software development processes such as diagnosing bugs, testing, and debugging.","['Free', 'Software Testing, ', 'Debugging, ', 'Dataflow Analysis, ', 'Constraint-based Analysis, ', 'Symbolic Execution', 'Georgia Institute of Technology', 'Course Details', 'intermediate']",School of Programming,intermediate
Firebase Analytics: iOS,/course/firebase-analytics-ios--ud353,"Learn how to grow an app's user base using Firebase Analytics, a free and unlimited analytics solution","['Free', 'Android Development, ', 'Firebase Analytics, ', 'Firebase Crash Reporting, ', 'Firebase Remote Config, ', 'Firebase Dynamic Links', 'Google', 'Course Details', 'intermediate']",School of Programming,intermediate
Firebase Analytics: Android,/course/firebase-analytics-android--ud354,"Learn how to grow an app's user base using Firebase Analytics, a free and unlimited analytics solution","['Free', 'Android Development, ', 'Firebase, ', 'Analytics', 'Google', 'Course Details', 'intermediate']",School of Programming,intermediate
ES6 - JavaScript Improved,/course/es6-javascript-improved--ud356,Learn about the changes made to the JavaScript programming language in ECMAScript 6 and how to use these new improvements to write better cleaner code.,"['Free', 'JavaScript, ', 'ES6, ', 'Syntax, ', 'Functions', 'Course Details', 'advanced']",School of Programming,advanced
Passwordless Login Solutions for Android,/course/passwordless-login-solutions-for-android--ud357,"In this course you'll implement Account Kit and Facebook Login side by side in a sample app, test our login flow on a series of common use cases, and wrap things up with an introduction to Facebook’s Graph API.","['Free', 'Android, ', 'Passwordless Login, ', 'Account Kit', 'Facebook for Developers', 'Course Details', 'intermediate']",School of Programming,intermediate
Mobile Design and Usability for Android,/course/mobile-design-and-usability-for-android--ud358,"In this course, taught in collaboration with Facebook, you'll learn how to design an intuitive, user-centered mobile app, from product conception to release.","['Free', 'Android, ', 'Mobile Design, ', 'Usability', 'Facebook for Developers', 'Course Details', 'intermediate']",School of Programming,intermediate
Intro to Data Science,/course/intro-to-data-science--ud359,"What does a data scientist do? In this course, we will survey the main topics in data science so you can understand the skills that are needed to become a data scientist!","['Free', 'Data Analysis Process, ', 'pandas (Python package), ', 'MapReduce paradigm', 'Course Details', 'intermediate']",School of Data Science,intermediate
Real-Time Analytics with Apache Storm,/course/real-time-analytics-with-apache-storm--ud381,"The world is trending in real time! Learn Apache Storm, taught by Twitter, to scalably analyze real-time tweets and drive d3 visualizations. Storm is free, open and fun!","['Free', 'Data Analysis, ', 'Real-time Analytics, ', 'Apache Storm', 'Twitter', 'Course Details', 'intermediate']",School of Artificial Intelligence,intermediate
Designing RESTful APIs,/course/designing-restful-apis--ud388,Build and secure a web server with a RESTful Developer-Friendly API that developers will love to use.,"['Free', 'Flask, ', 'REST APIs, ', 'Python', 'Course Details', 'intermediate']",School of Programming,intermediate
Human-Computer Interaction,/course/human-computer-interaction--ud400,"This course is an introductory course on human-computer interaction, covering the principles, techniques, and open areas of development in HCI.","['Free', 'Design Principles, ', 'Direct Manipulation Interfaces, ', 'Mental Models, ', 'Distributed Cognition, ', 'Prototyping', 'Georgia Institute of Technology', 'Course Details', 'intermediate']",School of Programming,intermediate
Introduction to Graduate Algorithms,/course/introduction-to-graduate-algorithms--ud401,Learn advanced techniques for designing algorithms and apply them to hard computational problems.,"['Free', 'Georgia Institute of Technology', 'Course Details', 'advanced']",School of Programming,advanced
Data Analysis and Visualization,/course/data-analysis-and-visualization--ud404,"This course will introduce students to the field by covering state­-of-­the-art modeling, analysis and visualization techniques.","['Free', 'R, ', 'Data Analysis, ', 'Data Visualization, ', 'Regression', 'Georgia Institute of Technology', 'Course Details', 'intermediate']",School of Data Science,intermediate
2D Game Development with libGDX,/course/2d-game-development-with-libgdx--ud405,"This course explores how to use LibGDX to build 2D games that run anywhere, from web browsers to mobile devices. At the end you will create a full game, called Icicles.","['Free', 'LibGDX, ', 'Game Development, ', '2D', 'Amazon Appstore for Android', 'Course Details', 'intermediate']",School of Programming,intermediate
How to Make a Platformer Using libGDX,/course/how-to-make-a-platformer-using-libgdx--ud406,"This course will explore how to create a game called Giga Gal. Giga Gal is a platformer in which you run, collect energy packs, jump a bunch, and shoot enemies.","['Free', 'LibGDX, ', 'Game Development, ', 'Asset management', 'Amazon Appstore for Android', 'Course Details', 'intermediate']",School of Programming,intermediate
Engagement & Monetization | Mobile Games,/course/engagement-monetization-mobile-games--ud407,"You will learn the most effective monetization strategies for your game, how to  keep your players interested and engaged, so that your game stands out in the app store.","['Free', 'Game Development, ', 'Monetization, ', 'Engagement', 'Amazon Appstore for Android', 'Course Details', 'beginner']",School of Programming,beginner
Knowledge-Based AI: Cognitive Systems,/course/knowledge-based-ai-cognitive-systems--ud409,The twin goals of knowledge-based artificial intelligence (AI) are to build AI agents capable of human-level intelligence and gain insights into human cognition.,"['Free', 'Semantic Networks, ', 'Common-Sense Reasoning, ', 'Logic & Planning, ', 'Analogical Reasoning, ', 'Visuospatial Reasoning', 'Georgia Institute of Technology', 'Course Details', 'advanced']",School of Artificial Intelligence,advanced
iOS Networking with Swift,/course/ios-networking-with-swift--ud421,Learn how to incorporate networking into your apps to access data from around the world. Build the On the Map app to share location and fun links with fellow students.,"['Free', 'Networking, ', 'URLSession, ', 'JSON Parsing', 'Course Details', 'advanced']",School of Programming,advanced
Computer Networking,/course/computer-networking--ud436,This is an advanced Computer Networking course that delves into the latest concepts and tools used by the CN industry.,"['Free', 'Software-Defined Networking, ', 'Data Center Networking, ', 'Content Distribution, ', 'Congestion Control, ', 'Traffic Shaping', 'Georgia Institute of Technology', 'Course Details', 'intermediate']",School of Programming,intermediate
Intro to Information Security,/course/intro-to-information-security--ud459,intermediate,"['Free', 'Software Security, ', 'Cryptography, ', 'Network Security, ', 'Privacy, ', 'Public Policy', 'Georgia Institute of Technology', 'Course Details']",School of Programming,intermediate
Machine Learning for Trading,/course/machine-learning-for-trading--ud501,Implement machine learning based strategies to make trading decisions using real-world data.,"['Free', 'Pandas, ', 'Time Series Analysis, ', 'Computational Investing, ', 'Algorithmic Trading, ', 'Reinforcement Learning for Trading', 'Georgia Institute of Technology', 'Course Details', 'intermediate']",School of Artificial Intelligence,intermediate
Data Visualization and D3.js,/course/data-visualization-and-d3js--ud507,Learn the fundamentals of data visualization and apply design and narrative concepts to create your own visualization.,"['Free', 'd3.js, ', 'Design of Visualizations, ', 'Data Visualization, ', 'Visual Encodings', 'Zipfian', 'Course Details', 'intermediate']",School of Artificial Intelligence,intermediate
Product Design,/course/product-design--ud509,"Learn product validation, UI/UX practices, Google’s Design Sprint and the process for setting and tracking actionable metrics.","['Free', 'Product Design, ', 'Design Sprints, ', 'Ideation and Validation, ', 'UI/UX', 'Google', 'Course Details', 'intermediate']",School of Business,intermediate
Intro to Data Structures and Algorithms,/course/data-structures-and-algorithms-in-python--ud513,Review and practice the skills technical interviewers expect you to know and learn how to explain your Python solutions.,"['New', 'Interview practice, ', 'Python, ', 'Data structures and Algorithms, ', 'Career Advancement', 'Grow With Google', 'Course Details', 'intermediate']",Career Advancement,intermediate
App Monetization,/course/app-monetization--ud518,"Learn how to effectively develop, implement, and measure your monetization strategy, iterating on the model as appropriate.","['Free', 'Product Design, ', 'Google Analytics', 'Google', 'Course Details', 'intermediate']",School of Business,intermediate
JavaScript Testing,/course/javascript-testing--ud549,Learn how to iterate on your web applications with confidence using the red-green-refactor workflow cycle and automated testing frameworks.,"['Free', 'Javascript Apps, ', 'Jasmine testing framework, ', 'red-green-refactor workflow', 'Course Details', 'intermediate']",School of Programming,intermediate
Grand Central Dispatch (GCD),/course/grand-central-dispatch-gcd--ud576,Learn how to prevent background operations from interfering with an app's UI by implementing Apple's GCD framework.,"['Free', 'Closures, ', 'GCD', 'Course Details', 'intermediate']",School of Programming,intermediate
Intro to iOS App Development with Swift,/course/intro-to-ios-app-development-with-swift--ud585,Take the first step in becoming an iOS Developer by learning about Swift and writing your first app.,"['Free', 'Swift, ', 'UIKit, ', 'AVFoundation', 'Course Details', 'intermediate']",School of Programming,intermediate
Linux Command Line Basics,/course/linux-command-line-basics--ud595,An introduction to the Linux command line interface.,"['Free', 'Command line interface (Linux server), ', 'Terminal and Shell (GNU Bash), ', 'Linux filesystem, ', 'Shell commands', 'Course Details', 'beginner']",School of Programming,beginner
Reinforcement Learning,/course/reinforcement-learning--ud600,Study machine learning at a deeper level and become a participant in the reinforcement learning research community.,"['Free', 'Temporal Difference Learning, ', 'Value Iteration, ', 'Policy Iteration, ', 'Reward Shaping, ', 'Game Theory', 'Georgia Institute of Technology', 'Course Details', 'advanced']",School of Artificial Intelligence,advanced
How to Make an iOS App,/course/how-to-make-an-ios-app--ud607,"Learn the process of building an app, taking your ideas from drawing board to App Store!","['Free', 'iOS, ', 'Ideation and Research, ', 'UI, ', 'App Store', 'Course Details', 'advanced']",School of Programming,advanced
Localization Essentials,/course/localization-essentials--ud610,"Localization is about making a product feel tailored to users around the world. Specifically, it is the process of adapting a product to a language, culture and market.","['Free', 'Localization, ', 'Google Translator Toolkit, ', 'Localization at Google', 'Google', 'Course Details', 'beginner']",School of Programming,beginner
Intro to DevOps,/course/intro-to-devops--ud611,"Learn all about the DevOps landscape, workflow, and a survey of the systems currently being used to support scalable software deployment.","['Free', 'DevOps, ', 'CAMS principles, ', 'Continuous Integration, ', 'Delivery workflows', 'Nutanix', 'Course Details', 'advanced']",School of Programming,advanced
Scalable Microservices with Kubernetes,/course/scalable-microservices-with-kubernetes--ud615,"This course is designed to teach you about managing microservices, using Kubernetes. This course is built in partnership with experts such as Google’s Kelsey Hightower.","['Free', 'Microservices, ', 'Docker, ', 'Kubernetes, ', 'Deploying Microservices', 'Google', 'Course Details', 'intermediate']",School of Programming,intermediate
Intro to Hadoop and MapReduce,/course/intro-to-hadoop-and-mapreduce--ud617,"In this short course, learn the fundamentals of MapReduce and Apache Hadoop to start making sense of Big Data in the real world!","['Free', 'Big Data, ', 'Hadoop, ', 'MapReduce', 'Cloudera', 'Course Details', 'intermediate']",School of Artificial Intelligence,intermediate
Data Analysis with R,/course/data-analysis-with-r--ud651,Data is everywhere and so much of it is unexplored. Learn how to investigate and summarize data sets using R and eventually create your own analysis.,"['Free', 'R, ', 'Exploratory Data Analysis, ', 'Data Visualization', 'Facebook', 'Course Details', 'intermediate']",School of Artificial Intelligence,intermediate
Object-Oriented JavaScript,/course/object-oriented-javascript--ud711,"Learn how to build objects, create classes, and manage inheritance with object-oriented JavaScript.","['Free', 'Object Oriented Javascript, ', 'Object-oriented programming, ', 'Data and functionality, ', 'Prototypal inheritance', 'Course Details', 'intermediate']",School of Programming,intermediate
App Marketing,/course/app-marketing--ud719,"This course will help you organize a strategy of identifying your perfect user, and teach you how to grow your user base by focusing your product on their needs.","['Free', 'App Marketing, ', 'User Segmentation, ', 'Customer Acquisition', 'Google', 'Course Details', 'intermediate']",School of Business,intermediate
Rapid Prototyping,/course/rapid-prototyping--ud723,Learning to prototype will save you time and money in the development process. You’ll create quality apps faster and have confidence in the viability of your products.,"['Free', 'Prototyping, ', 'User Research, ', 'inVision', 'Google', 'Course Details', 'intermediate']",School of Business,intermediate
Machine Learning: Unsupervised Learning,/course/machine-learning-unsupervised-learning--ud741,Ever wonder how Netflix can predict what movies you'll like? Or how Amazon knows what you want to buy before you do? The answer can be found in Unsupervised Learning!,"['Free', 'Randomized Optimization, ', 'Clustering, ', 'Feature Selection, ', 'Feature Transformation, ', 'Information Theory', 'Georgia Institute of Technology', 'Course Details', 'intermediate']",School of Artificial Intelligence,intermediate
Big Data Analytics in Healthcare,/course/big-data-analytics-in-healthcare--ud758,"In this course, we introduce the characteristics of medical data and associated data mining challenges on dealing with such data. We cover various algorithms and systems.","['Free', 'Data Analytics, ', 'Health Care Applications, ', 'Algorithms', 'Georgia Institute of Technology', 'Course Details', 'intermediate']",School of Artificial Intelligence,intermediate
Xcode Debugging,/course/xcode-debugging--ud774,"In this course, you'll learn standard methodologies for debugging software, and how to use Xcode's debugging tools to find and squash bugs.","['Free', 'Debugging, ', 'LLDB', 'Course Details', 'advanced']",School of Programming,advanced
Writing READMEs,/course/writing-readmes--ud777,Documentation is an important part of the development process. Learn to write READMEs using Markdown so your code can be used by other humans!,"['Free', 'README, ', 'Markdown, ', 'Making code easier to read', 'Course Details', 'beginner']",School of Programming,beginner
UIKit Fundamentals,/course/uikit-fundamentals--ud788,"Learn the iOS UIKit framework, which is the cornerstone of creating user interfaces in all iOS apps and crucial for any iOS Developer to be intimately familiar with.","['Free', 'AutoLayout, ', 'Navigation, ', 'Table Views, ', 'Collection Views', 'Course Details', 'intermediate']",School of Programming,intermediate
Intro to JavaScript,/course/intro-to-javascript--ud803,"Learn the fundamentals of JavaScript, the most popular programming language in web development.","['Free', 'JavaScript, ', 'Conditionals, ', 'Loops, ', 'Data Types & Variables', 'Course Details', 'beginner']",School of Programming,beginner
Software Development Process,/course/software-development-process--ud805,"Software Development Processes explores requirements engineering, architecture and design, testing, and software quality in general.","['Free', 'Software Development Life Cycle, ', 'Requirements Engineering, ', 'Design Patterns, ', 'Black-Box & White-Box Testing, ', 'Agile Development Methodology', 'Georgia Institute of Technology', 'Course Details', 'intermediate']",School of Programming,intermediate
Get Your Startup Started,/course/get-your-startup-started--ud806,Acquire the know-how necessary to see your business grow towards its next milestone.,"['Free', 'Entrepreneurship, ', 'Bootstrapping', 'Google', 'Course Details', 'intermediate']",School of Business,intermediate
How to Install Android Studio,/course/how-to-install-android-studio--ud808,Participate in this short tutorial to install Android Studio on your computer and set up a new project using the program's Project Wizard.,"['Free', 'Android, ', 'Android Studio, ', 'Java', 'Course Details', 'beginner']",School of Programming,beginner
Health Informatics in the Cloud,/course/health-informatics-in-the-cloud--ud809,"This survey course provides a broad, forward-facing overview of contemporary health informatics within the context of the US healthcare delivery system.","['Free', 'Health Information Exchange, ', 'Security and Trust, ', 'Interoperability Standards, ', 'Data Collection & Visualization', 'Georgia Institute of Technology', 'Course Details', 'beginner']",,beginner
Introduction to Computer Vision,/course/introduction-to-computer-vision--ud810,"This course provides an introduction to computer vision including fundamentals, methods for application and machine learning classification.","['Free', 'Image Processing, ', 'Stereo Geometry, ', 'Feature Detection & Matching, ', 'Object Tracking, ', 'Classification & Recognition', 'Georgia Institute of Technology', 'Course Details', 'intermediate']",School of Artificial Intelligence,intermediate
Intro to Progressive Web Apps,/course/intro-to-progressive-web-apps--ud811,In this course you’ll get started working on your very first Progressive Web App (PWA) - a web app that can take advantage of many features native applications have enjoyed!,"['Free', 'Progressive Web Apps, ', 'Service Workers, ', 'Web App Manifest, ', 'Offline apps', 'Google', 'Course Details', 'intermediate']",School of Programming,intermediate
Software Architecture & Design,/course/software-architecture-design--ud821,Software Architecture and Design teaches the principles and concepts involved in the analysis and design of large software systems.,"['Free', 'Unified Modeling Language, ', 'Object Constraint Language, ', 'Software Architecture, ', 'Software Design, ', 'Code Review', 'Georgia Institute of Technology', 'Course Details', 'intermediate']",School of Programming,intermediate
Android Performance,/course/android-performance--ud825,"Performance matters to users, so it must matter to you. Learn how to identify and fix bottlenecks in your Android applications, and ensure a smooth user experience.","['Free', 'Android Development, ', 'Performance, ', 'Optimization', 'Google', 'Course Details', 'advanced']",School of Programming,advanced
Intro to Descriptive Statistics,/course/intro-to-descriptive-statistics--ud827,Intro to Descriptive Statistics will teach you the basic concepts of statistics that can be used to extract information from data.,"['Free', 'Descriptive Statistics, ', 'Estimation, ', 'Central Limit Theorem', 'Course Details', 'beginner']",School of Artificial Intelligence,beginner
Android Basics: User Interface,/course/android-basics-user-interface--ud834,Learn how to design your first layout in Android! This is the first course in the Android Basics Nanodegree program.,"['Free', 'Android Development, ', 'Building Layouts, ', 'Android Studio, ', 'Views and ViewGroups, ', 'Styling', 'Google', 'Course Details', 'beginner']",School of Programming,beginner
Android Basics: User Input,/course/android-basics-user-input--ud836,Learn how to make your apps interactive using buttons and text! In this course you'll learn the basics of the Java programming language and how to apply them to Android.,"['Free', 'Android Development, ', 'Java, ', 'Object Oriented Programming, ', 'Conditional Code, ', 'Methods, ', 'Variables', 'Google', 'Course Details', 'beginner']",School of Programming,beginner
Android Basics: Multiscreen Apps,/course/android-basics-multiscreen-apps--ud839,"Learn to build multiple screens and link them together, expanding the range of apps you can create! You'll also learn how to play audio and add images to your apps.","['Free', 'Android Development, ', 'Intents and Activities, ', 'Data, ', 'Loops and Custom Classes, ', 'Images and Visual Polish, ', 'Audio and Libraries', 'Google', 'Course Details', 'beginner']",School of Programming,beginner
Android Basics: Networking,/course/android-basics-networking--ud843,"This class teaches the basics of networking using Android, and is a part of the Android Basics Nanodegree by Google.","['Free', 'Android Development, ', 'JSON Parsing, ', 'HTTP Networking, ', 'Threads and Parallelism, ', 'Control Flow and Conditionals, ', 'Preferences', 'Google', 'Course Details', 'beginner']",School of Programming,beginner
Android Basics: Data Storage,/course/android-basics-data-storage--ud845,"In this course, you'll learn the basics of data storage in Android, building your first database and an app that could be used for any small business!","['Free', 'Android Development, ', 'SQLite, ', 'ContentProvider, ', 'CursorAdapter & CursorLoader, ', 'Database, ', 'Design', 'Google', 'Course Details', 'beginner']",School of Programming,beginner
UX Design for Mobile Developers,/course/ux-design-for-mobile-developers--ud849,This is a design course made for developers. You'll learn UX design skills which will help you make 5-star mobile apps that your users will love.,"['Free', 'Android, ', 'UX Design, ', 'User-Centered Design', 'Google', 'Course Details', 'beginner']",School of Programming,beginner
Developing Android Apps,/course/new-android-fundamentals--ud851,"Build a cloud-connected Android app, and learn the tools, principles, and best practices of mobile and Android development that you'll apply to your own projects.","['Free', 'Android Development, ', 'Layouts, ', 'Intents, ', 'UI', 'Google', 'Course Details', 'intermediate']",School of Programming,intermediate
Advanced Android App Development,/course/advanced-android-app-development--ud855,"Make your app production-ready by applying advanced features like library integration, material design, widgets, receiving cloud messages, and more!","['Free', 'Android Development, ', 'Fragments, ', 'Libraries, ', 'Firebase, ', 'Espresso', 'Google', 'Course Details', 'advanced']",School of Programming,advanced
Browser Rendering Optimization,/course/browser-rendering-optimization--ud860,This course will demystify the browser's rendering pipeline and make it easy for you to build high performance web apps.,"['Free', 'Browser Rendering Response, ', 'Animation, ', 'Idle and Load (RAIL), ', 'Optimizing JavaScript, ', 'How to debug an app', 'Google', 'Course Details', 'advanced']",School of Programming,advanced
Material Design for Android Developers,/course/material-design-for-android-developers--ud862,Learn and apply the material design principles that define Android's visual language to your apps.,"['Free', 'Android Development, ', 'Material Design, ', 'Surfaces, ', 'Graphic Design', 'Google', 'Course Details', 'intermediate']",School of Programming,intermediate
Google Maps APIs,/course/google-maps-apis--ud864,This course will introduce you to the content available through the Google Maps APIs through building a real-estate listings web application step-by-step.,"['Free', 'Google Maps APIs, ', 'Static Maps, ', 'Street View imagery, ', 'monitoring API usage', 'Google', 'Course Details', 'intermediate']",School of Programming,intermediate
Gradle for Android and Java,/course/gradle-for-android-and-java--ud867,Build bigger and better Android and Java apps using the Gradle build tool.,"['Free', 'Android Development, ', 'Gradle, ', 'Java', 'Google, ', 'Gradle', 'Course Details', 'advanced']",School of Programming,advanced
Responsive Images,/course/responsive-images--ud882,Go beyond image tags! Learn how to make images a part of your responsive design workflow.,"['Free', 'Responsive Images, ', 'Mobile Image debugging, ', 'Creating responsive graphics', 'Google', 'Course Details', 'intermediate']",School of Programming,intermediate
Website Performance Optimization,/course/website-performance-optimization--ud884,"Learn how browsers convert HTML, CSS and JavaScript into websites while you experiment with Chrome Developer Tools to measure and optimize website speed!","['Free', 'Chrome Developer Tools, ', 'DOM and CSSOM, ', 'Critical Rendering Path HTML, ', 'CSS and JavaScript optimizations', 'Google', 'Course Details', 'intermediate']",School of Programming,intermediate
Kotlin for Android Developers,/course/kotlin-for-android-developers--ud888,"Take an Android app in Java and convert it to Kotlin, learning key features of the Kotlin programming language along the way.","['Free', 'Kotlin, ', 'Android', 'Course Details', 'advanced']",School of Programming,advanced
Advanced Android with Kotlin,/course/advanced-android-with-kotlin--ud940,Develop Feature-Rich Android Apps with the Kotlin Programming Language.,"['New', 'Kotlin, ', 'Android', 'Google', 'Course Details', 'intermediate']",School of Programming,intermediate
Building High Conversion Web Forms,/course/building-high-conversion-web-forms--ud890,"Increase conversions with best practices for fast, efficient forms! Learn how to design and build web forms for users on any device.","['Free', 'Research HTML5 input types, ', 'Datalist input, ', 'User input validation with HTML5 attributes, ', 'Validate user input using JavaScript, ', 'Optimizing forms', 'Google', 'Course Details', 'intermediate']",School of Programming,intermediate
Web Accessibility,/course/web-accessibility--ud891,"Get hands-on experience making web applications accessible. You’ll understand when and why users need accessibility, then you’ll dive into how to implement.","['Free', 'Accessibility, ', 'Screen Readers, ', 'Focus, ', 'Semantics, ', 'ARIA', 'Google', 'Course Details', 'advanced']",School of Programming,advanced
Web Tooling & Automation,/course/web-tooling-automation--ud892,"In this course, you’ll learn how to setup your development environment and save a lot of time and effort with automatic optimization.","['Free', 'Installing Sublime Text, ', 'Installing Plugins, ', 'Gulp, ', 'Live Editing, ', 'ESLint', 'Google', 'Course Details', 'intermediate']",School of Programming,intermediate
Responsive Web Design Fundamentals,/course/responsive-web-design-fundamentals--ud893,Learn and practice strategies for developing websites that look great on every device! Made with Google's Pete LePage.,"['Free', 'Responsive design patterns, ', 'Remote debugging and emulation, ', 'Optimizing layout, ', 'CSS media queries, ', 'CSS flexbox', 'Google', 'Course Details', 'intermediate']",School of Programming,intermediate
Front End Frameworks,/course/front-end-frameworks--ud894,"Explore and build interactive, single-page applications with popular JavaScript frameworks!","['Free', 'Single Page Applications, ', 'Building Angular apps, ', 'Building Ember apps, ', ""Underscore's template function, "", 'Backbone events and routing', 'Google', 'Course Details', 'advanced']",School of Programming,advanced
Client-Server Communication,/course/client-server-communication--ud897,"Learn how a client communicates with a server, including HTTP's request and response cycle, HTTP/2 and HTTPs.","['Free', 'HTTP request and response cycle, ', 'HTTP headers and verbs, ', 'HTTP/1 and HTTP/2 capabilities, ', 'HTTPS, ', 'Client-Server Communication', 'Google', 'Course Details', 'advanced']",School of Programming,advanced
JavaScript Promises,/course/javascript-promises--ud898,Learn how to simplify asynchronous work with Native JavaScript Promises!,"['Free', 'Native JavaScript Promises, ', 'Asynchronous code, ', 'Advanced error handling, ', 'Generating sequences of async work', 'Google', 'Course Details', 'advanced']",School of Programming,advanced
Offline Web Applications,/course/offline-web-applications--ud899,Learn how to develop offline-first web application using Service Workers and IndexedDB.,"['Free', 'Developing offline-first applications, ', 'Understanding Lie-Fi, ', 'Service Worker DevTools, ', 'IndexedDB, ', 'IndexedDB asset caching', 'Google', 'Course Details', 'intermediate']",School of Programming,intermediate
Kotlin Bootcamp for Programmers,/course/kotlin-bootcamp-for-programmers--ud9011,Learn the fundamentals of the Kotlin programming language from Kotlin experts at Google.,"['New', 'Android Development', 'Google', 'Course Details', 'intermediate']",School of Programming,intermediate
Developing Android Apps with Kotlin,/course/developing-android-apps-with-kotlin--ud9012,Learn the fundamentals of the Kotlin programming language from Kotlin experts at Google.,"['New', 'Android Development', 'Google', 'Course Details', 'intermediate']",School of Programming,intermediate
Learn Swift Programming Syntax,/course/learn-swift-programming-syntax--ud902,"This course focuses on the syntax of the Swift programming language. By the end of the course, you'll be able to apply Swift essentials to building iOS apps.","['Free', 'Variables and Constants, ', 'Control Flow, ', 'Functions, ', 'Optionals, ', 'OOP', 'Course Details', 'intermediate']",School of Programming,intermediate
Build Native Mobile Apps with Flutter,/course/build-native-mobile-apps-with-flutter--ud905,Learn from experts at Google how to use Flutter to craft high-quality native interfaces on iOS and Android devices in record time.,"['New', 'Android Development', 'Google', 'Course Details', 'intermediate']",School of Programming,intermediate
Educational Technology,/course/educational-technology--ud915,This class is an an introductory course about educational technology offered as CS6460 at Georgia Tech where it is a part of the Online Masters Degree (OMS).,"['Free', 'Educational Technology & Research, ', 'Online Learning, ', 'Game-based Learning, ', 'Communities of Practice, ', 'Ethics & Privacy in EdTech', 'Georgia Institute of Technology', 'Course Details', 'beginner']",,beginner
Model Building and Validation,/course/model-building-and-validation--ud919,This course will teach you how to start from scratch in understanding and paying attention to what is important in the data and how to answer questions about data.,"['Free', 'Questioning, ', 'Modeling, ', 'Validation, ', 'Data Analysis, ', 'QMV Process', 'AT&T', 'Course Details', 'advanced']",School of Artificial Intelligence,advanced
Introduction to Operating Systems,/course/introduction-to-operating-systems--ud923,"Introduction to Operating Systems teaches the basic operating system abstractions, mechanisms, and their implementations.","['Free', 'Processes & Threads, ', 'Memory Management, ', 'Inter-Process Communication, ', 'Resource Virtualization, ', 'Distributed File Systems', 'Georgia Institute of Technology', 'Course Details', 'intermediate']",School of Programming,intermediate
Data Science Interview Prep,/course/data-science-interview-prep--ud944,"Prepare for data science interviews by practicing data analysis, machine learning, and data structure and algorithms questions.","['New', 'Interview practice, ', 'Common Data Questions, ', 'Data Structures, ', 'Career Advancement', 'Course Details', 'intermediate']",Career Advancement,intermediate
Linear Algebra Refresher Course,/course/linear-algebra-refresher-course--ud953,Learn linear algebra by doing: you will code your own library of linear algebra functions!,"['Free', 'Algebra, ', 'Python, ', 'Vectors, ', 'Intersections', 'Course Details', 'intermediate']",School of Artificial Intelligence,intermediate
Artificial Intelligence,/course/artificial-intelligence--ud954,"This course gives a survey of topics in AI along with in-depth foundational concepts such as classical search, probability, machine learning, logic and planning.","['Free', 'Artificial Intelligence, ', 'Probability, ', 'Bayesian Networks, ', 'Logic and Planning, ', 'Machine Learning', 'Georgia Institute of Technology', 'Course Details', 'intermediate']",School of Artificial Intelligence,intermediate
Computational Photography,/course/computational-photography--ud955,"This class explores how computation impacts the entire workflow of photography, which is traditionally aimed at capturing light from a 3D scene to form a 2D image.","['Free', 'Digital Imaging, ', 'Panorama & Morphing, ', 'Light Field, ', 'High Dynamic Range, ', 'Video Stabilization', 'Georgia Institute of Technology', 'Course Details', 'intermediate']",,intermediate
Problem Solving with Advanced Analytics,/course/problem-solving-with-advanced-analytics--ud976,"Learn a scientific approach to solving problems with data, a foundational skill for anyone interested in making data driven decisions in a business context.","['Free', 'Linear Regression', 'Alteryx', 'Course Details', 'beginner']",School of Business,beginner
Creating an Analytical Dataset,/course/creating-an-analytical-dataset--ud977,Learn how to prepare data to ensure the efficacy of your analysis while improving fluency in Alteryx.,"['Free', 'Data Issues, ', 'Data Formatting, ', 'Data Blending', 'Alteryx', 'Course Details', 'beginner']",School of Business,beginner
Classification Models,/course/classification-models--ud978,Learn how to use classification predictive models to solve business problems involving non-numeric data.,"['Free', 'Binary Classication Models, ', 'Non-Binary Classification Models', 'Alteryx', 'Course Details', 'intermediate']",School of Business,intermediate
A/B Testing for Business Analysts,/course/ab-testing--ud979,The A/B Testing course provides students with the foundational knowledge to design and analyze A/B tests to create business insights and support decision making.,"['Free', 'A/B Randomized Design Tests, ', 'A/B Matched Pair Design Tests', 'Course Details', 'intermediate']",School of Business,intermediate
Time Series Forecasting,/course/time-series-forecasting--ud980,The Time Series Forecasting course provides students with the foundational knowledge to build and apply time series forecasting models in a variety of business contexts.,"['Free', 'Time Series Forecasting, ', 'ETS Models, ', 'ARIMA Models', 'Course Details', 'intermediate']",School of Business,intermediate
Segmentation and Clustering,/course/segmentation-and-clustering--ud981,The Segmentation & Clustering course provides students with the knowledge to build and apply clustering models to develop sophisticated segmentation in business contexts.,"['Free', 'Variable Reduction, ', 'Clustering Models design', 'Course Details', 'intermediate']",School of Business,intermediate
Cyber-Physical Systems Design & Analysis,/course/cyber-physical-systems-design-analysis--ud9876,This course provides an introduction to cyber-physical systems with an industrial perspective.,"['New', 'Georgia Institute of Technology', 'Course Details', 'advanced']",School of Autonomous Systems,advanced
JavaScript Design Patterns,/course/javascript-design-patterns--ud989,Learn the importance of code organization and how to implement it with either vanilla JavaScript or an organizational library or framework.,"['Free', 'Separating concerns, ', 'Code organization, ', 'Using an Organizational Library, ', 'KnockoutJS', 'Course Details', 'advanced']",School of Programming,advanced
What is Programming?,/course/what-is-programming--ud994,This course is your first step towards a career in programming.,"['New', 'Course Details', 'beginner']",School of Programming,beginner
